1,Eolanda,Research Nurse
2,Cristionna,Graphic Designer
3,Hildagard,Computer Systems Analyst III
4,Mason,Registered Nurse
5,Judas,Electrical Engineer
6,Danika,Statistician III
7,Emylee,Legal Assistant
8,Guillema,Developer II
9,Sim,VP Product Management
10,Pen,Occupational Therapist
11,Elisa,Physical Therapy Assistant
12,Hayes,Accountant III
13,Juditha,Accounting Assistant II
14,Bebe,Librarian
15,Minnaminnie,Financial Analyst
16,Juliana,Analyst Programmer
17,Nicky,Computer Systems Analyst I
18,Ailene,Web Designer III
19,Ema,Product Engineer
20,Minerva,Quality Engineer
21,Ariel,Data Coordiator
22,Stephan,Administrative Officer
23,Ware,Account Executive
24,Amelia,Environmental Specialist
25,Lucky,Programmer Analyst IV
26,Barton,Operator
27,Stacy,Design Engineer
28,Lothario,Engineer III
29,Sonia,Sales Associate
30,Trixi,Associate Professor
31,Rica,Assistant Media Planner
32,Wilhelmine,Quality Engineer
33,Fred,Engineer III
34,Martina,Environmental Specialist
35,Haily,Recruiting Manager
36,Kerby,Food Chemist
37,Barbie,Recruiter
38,Oliviero,Human Resources Manager
39,Dona,Senior Financial Analyst
40,Con,Financial Analyst
41,Mel,Engineer I
42,Amie,Marketing Manager
43,Ambros,Developer III
44,Morie,Community Outreach Specialist
45,Mikkel,Recruiting Manager
46,Addison,Community Outreach Specialist
47,Audie,Biostatistician I
48,Andriana,Clinical Specialist
49,Keelby,Senior Cost Accountant
50,Nathalie,VP Sales
51,Thatch,Account Executive
52,Cobby,Desktop Support Technician
53,Theresita,Analyst Programmer
54,Wash,Actuary
55,Rutger,Technical Writer
56,Annaliese,Director of Sales
57,Fields,Automation Specialist II
58,Seymour,Legal Assistant
59,Afton,Director of Sales
60,Trev,Financial Advisor
61,Blondy,Quality Engineer
62,Avrom,Financial Advisor
63,Hugues,Business Systems Development Analyst
64,Shannah,Marketing Assistant
65,Idette,Systems Administrator IV
66,Bellanca,Operator
67,Chaddie,Pharmacist
68,Sol,Software Test Engineer I
69,Paddy,Human Resources Assistant IV
70,Sarah,Computer Systems Analyst II
71,Jemmy,Web Designer IV
72,Godfree,Geologist IV
73,Dorey,Programmer IV
74,Janaya,Data Coordiator
75,Terrance,Account Representative IV
76,Robb,Senior Financial Analyst
77,Cheston,Operator
78,Honoria,Statistician IV
79,Leelah,Chemical Engineer
80,Keen,Graphic Designer
81,Lenka,Office Assistant II
82,Claire,Administrative Officer
83,Berkley,Product Engineer
84,Cammy,Physical Therapy Assistant
85,Ariel,Senior Quality Engineer
86,Orion,Nurse Practicioner
87,Susi,Office Assistant II
88,Emilee,Speech Pathologist
89,Jan,VP Accounting
90,Jolie,Human Resources Manager
91,Hermon,Staff Scientist
92,Banky,Actuary
93,Othilie,Office Assistant I
94,Dominga,Assistant Media Planner
95,Hyacinthie,Programmer I
96,Rozele,Civil Engineer
97,Cherice,Programmer Analyst IV
98,Brenda,Budget/Accounting Analyst III
99,Darbee,Programmer Analyst III
100,Farrand,Web Designer II
101,Allen,Food Chemist
102,Harriette,Financial Analyst
103,Harcourt,Web Developer I
104,Aldo,Graphic Designer
105,Sollie,Quality Control Specialist
106,Noami,Nurse
107,Missie,Senior Financial Analyst
108,Con,Biostatistician I
109,Cornelia,Marketing Assistant
110,Oswald,Director of Sales
111,Kit,Desktop Support Technician
112,Nolana,Information Systems Manager
113,Marlena,Operator
114,Nancie,Sales Associate
115,Lorain,Operator
116,Joachim,Internal Auditor
117,Jacquette,Nurse Practicioner
118,Aylmar,Staff Accountant I
119,Shayne,Developer I
120,Adrien,Structural Analysis Engineer
121,Sherilyn,Staff Scientist
122,Carolan,GIS Technical Architect
123,Brit,Budget/Accounting Analyst I
124,Briney,Analyst Programmer
125,Yank,Account Coordinator
126,Sidnee,Safety Technician IV
127,Engracia,Media Manager III
128,Vachel,Design Engineer
129,Abba,Safety Technician II
130,Normand,Senior Quality Engineer
131,Eugene,Environmental Specialist
132,Krispin,Structural Engineer
133,Jarrad,Pharmacist
134,Der,Programmer III
135,Illa,Software Test Engineer I
136,Dulcy,Research Nurse
137,Alene,Administrative Officer
138,Georgiana,GIS Technical Architect
139,Lurleen,Chemical Engineer
140,Ailis,Web Developer I
141,Bernetta,Speech Pathologist
142,Roselin,Sales Representative
143,Diahann,Tax Accountant
144,Chauncey,Recruiting Manager
145,Andrea,Nurse Practicioner
146,Jobye,Sales Associate
147,Elizabeth,Human Resources Assistant IV
148,Theadora,Recruiter
149,Grier,Food Chemist
150,Bev,Geologist I
151,Dasha,General Manager
152,Emmit,Sales Representative
153,Shalne,Accountant III
154,Danna,Registered Nurse
155,Gustie,Research Nurse
156,Garvey,Account Representative IV
157,Tan,Senior Financial Analyst
158,Valdemar,Executive Secretary
159,Sasha,Research Associate
160,Haydon,Food Chemist
161,Corabella,Research Associate
162,Urbain,Mechanical Systems Engineer
163,Janeczka,Assistant Professor
164,Kelsy,Environmental Tech
165,Rozina,Marketing Manager
166,Pansy,Sales Associate
167,Hestia,Registered Nurse
168,Flinn,Software Engineer II
169,Enrichetta,Engineer IV
170,Chandal,Statistician III
171,Kasey,VP Marketing
172,Emlyn,Account Representative II
173,Jolie,Paralegal
174,Aloysia,VP Accounting
175,Deerdre,Quality Engineer
176,Jorry,Teacher
177,Myrtie,Account Executive
178,Sashenka,Pharmacist
179,Maryrose,Financial Advisor
180,Lynn,Marketing Assistant
181,Giraud,Health Coach III
182,Ulrike,Staff Accountant IV
183,Vevay,Biostatistician I
184,Katerine,Research Associate
185,Olin,Executive Secretary
186,Ethelind,Legal Assistant
187,Latisha,Junior Executive
188,Lanae,Dental Hygienist
189,Terri,Accountant IV
190,Humbert,Computer Systems Analyst III
191,Omero,Executive Secretary
192,Myrle,Quality Control Specialist
193,Eran,Information Systems Manager
194,Kiley,Civil Engineer
195,Arch,Technical Writer
196,Kyla,Electrical Engineer
197,Elspeth,Chief Design Engineer
198,Roxi,Desktop Support Technician
199,Issy,Tax Accountant
200,Lois,Administrative Assistant IV
201,Ritchie,Civil Engineer
202,Niki,Environmental Tech
203,Ingamar,General Manager
204,Yard,Account Coordinator
205,Artie,Web Developer II
206,Alexis,Quality Engineer
207,Rudyard,Registered Nurse
208,Duff,Project Manager
209,Kenton,Dental Hygienist
210,Roana,Editor
211,Lindy,Tax Accountant
212,Krystle,Data Coordiator
213,Perri,Internal Auditor
214,Libbi,Staff Accountant III
215,Lauritz,Engineer II
216,Kary,Financial Advisor
217,Kipper,Software Consultant
218,Sarge,Software Engineer I
219,Hale,Graphic Designer
220,Alyse,Chemical Engineer
221,Claresta,Programmer I
222,Victoir,Developer II
223,Dania,Media Manager IV
224,Jerrome,Senior Cost Accountant
225,Delores,Payment Adjustment Coordinator
226,Selena,Staff Scientist
227,Devonne,Financial Advisor
228,Reyna,Desktop Support Technician
229,Shani,Systems Administrator III
230,Korie,Civil Engineer
231,Isaiah,Tax Accountant
232,Chelsae,Librarian
233,Nial,Sales Associate
234,Loren,Occupational Therapist
235,Jere,Human Resources Assistant II
236,Vasilis,General Manager
237,Genvieve,Data Coordiator
238,Sam,Product Engineer
239,Mariquilla,Human Resources Manager
240,Zachary,Nurse
241,Cecilla,Software Engineer III
242,Jehanna,Recruiter
243,Virginie,Senior Cost Accountant
244,Zelda,Technical Writer
245,Risa,Assistant Professor
246,Ed,Quality Engineer
247,Concordia,Account Coordinator
248,Rhianna,Sales Representative
249,Eugine,Database Administrator IV
250,Jane,Physical Therapy Assistant
251,Angelika,Physical Therapy Assistant
252,Julita,Financial Analyst
253,Staffard,Senior Sales Associate
254,Jeromy,Human Resources Assistant II
255,Anna-diana,Nuclear Power Engineer
256,Aurea,Quality Engineer
257,Victoria,Computer Systems Analyst III
258,Nicoli,Staff Accountant I
259,Ragnar,Marketing Assistant
260,Milton,Compensation Analyst
261,Kati,Project Manager
262,Greer,Account Executive
263,Mikaela,Payment Adjustment Coordinator
264,Claire,Web Developer II
265,Brook,Executive Secretary
266,Mireielle,Help Desk Technician
267,Pepillo,Project Manager
268,Anabella,Desktop Support Technician
269,Gibbie,VP Quality Control
270,Abrahan,Software Engineer III
271,Tristan,Chemical Engineer
272,Ximenes,VP Marketing
273,Annadiane,Structural Engineer
274,Naoma,Sales Representative
275,Lexie,Database Administrator III
276,Kerstin,Structural Engineer
277,Pierce,Junior Executive
278,Hollyanne,Senior Cost Accountant
279,Letta,Desktop Support Technician
280,Syd,Technical Writer
281,Wesley,Software Consultant
282,Archy,Web Developer I
283,Elvina,Structural Engineer
284,Joaquin,VP Marketing
285,Davina,Junior Executive
286,Fritz,Financial Advisor
287,Magdalene,Research Associate
288,Jordana,Human Resources Assistant IV
289,Chicky,Teacher
290,Anabelle,Staff Scientist
291,Guglielma,Analyst Programmer
292,Guillermo,VP Sales
293,Staffard,VP Sales
294,Crystal,Assistant Media Planner
295,Dene,Quality Control Specialist
296,Tobye,Operator
297,Ethelbert,GIS Technical Architect
298,Etheline,Civil Engineer
299,Karlotte,Community Outreach Specialist
300,Jorrie,Senior Financial Analyst
301,Saunder,Assistant Media Planner
302,Fletch,Analyst Programmer
303,Mannie,Programmer IV
304,Steve,Research Nurse
305,Kyle,Clinical Specialist
306,Kip,Environmental Tech
307,Nanon,Registered Nurse
308,Shawn,Research Associate
309,Alric,General Manager
310,Florie,Assistant Professor
311,Henrieta,Payment Adjustment Coordinator
312,Rod,Tax Accountant
313,Edin,Account Coordinator
314,Harold,Accounting Assistant IV
315,Herbert,Research Nurse
316,Candra,Senior Financial Analyst
317,Allen,Project Manager
318,Jasmine,Payment Adjustment Coordinator
319,Jerrie,Assistant Manager
320,Nial,Account Executive
321,Vere,Chemical Engineer
322,Sarine,Systems Administrator III
323,Pasquale,Systems Administrator II
324,Celka,Account Executive
325,Brandyn,Internal Auditor
326,Cammi,Programmer IV
327,Sigfried,Data Coordiator
328,Rob,Help Desk Operator
329,Marietta,Systems Administrator IV
330,Lulu,Web Designer III
331,Hedy,Assistant Media Planner
332,Dill,Senior Sales Associate
333,Iorgos,Quality Engineer
334,Ki,Marketing Manager
335,Sanderson,VP Marketing
336,Misha,Staff Scientist
337,Ursa,Nuclear Power Engineer
338,Neila,Automation Specialist III
339,Wynn,Senior Sales Associate
340,Braden,Nurse
341,Elia,Actuary
342,Taylor,Tax Accountant
343,Alisa,Junior Executive
344,Almire,Programmer IV
345,Ally,Software Consultant
346,Frankie,Assistant Professor
347,Haywood,Help Desk Technician
348,Josee,Budget/Accounting Analyst III
349,Kissie,Graphic Designer
350,Adriane,Chemical Engineer
351,Nell,Senior Cost Accountant
352,Ezmeralda,Senior Sales Associate
353,Kendra,Help Desk Technician
354,Steve,Operator
355,Tom,Registered Nurse
356,Annetta,Physical Therapy Assistant
357,Jammie,Account Representative I
358,Albie,Media Manager II
359,Roanna,Dental Hygienist
360,Bevon,Account Coordinator
361,Maynard,Community Outreach Specialist
362,Kathy,Data Coordiator
363,Ezekiel,Sales Associate
364,Sianna,Account Representative IV
365,Liesa,Operator
366,Pattie,General Manager
367,Cecil,Civil Engineer
368,Kalil,Senior Developer
369,Diana,Registered Nurse
370,Devlen,Compensation Analyst
371,Harriette,Technical Writer
372,Kimmy,Occupational Therapist
373,Carline,Tax Accountant
374,Hurleigh,Actuary
375,Corbie,Paralegal
376,Ameline,Quality Control Specialist
377,Gerardo,Community Outreach Specialist
378,Simonne,Administrative Officer
379,Cori,Chemical Engineer
380,Lisbeth,Assistant Manager
381,Coletta,Accounting Assistant I
382,Cari,Software Engineer I
383,Karisa,Account Representative IV
384,Garvey,Administrative Assistant IV
385,Elliott,Computer Systems Analyst II
386,Sigismond,Payment Adjustment Coordinator
387,Garnet,Office Assistant I
388,Dolf,Software Test Engineer IV
389,Alyssa,Electrical Engineer
390,Wallis,Budget/Accounting Analyst II
391,Tabby,Business Systems Development Analyst
392,Heidi,Programmer I
393,Lee,Marketing Assistant
394,Flo,Accountant II
395,Ilene,Project Manager
396,Ninetta,Senior Financial Analyst
397,Lorain,Dental Hygienist
398,Ferris,Media Manager II
399,Drucy,Civil Engineer
400,Charmane,Librarian
401,Carlynne,Business Systems Development Analyst
402,Jess,Research Assistant II
403,Sigismondo,Computer Systems Analyst II
404,Chauncey,Office Assistant III
405,Michelina,Sales Associate
406,Jordon,Web Designer I
407,Briggs,Product Engineer
408,Alexis,Structural Analysis Engineer
409,Marna,Assistant Professor
410,Trefor,Quality Engineer
411,Caleb,Chief Design Engineer
412,Lillian,Actuary
413,Lydon,Business Systems Development Analyst
414,Avram,Environmental Specialist
415,Saleem,Staff Scientist
416,Mavra,Senior Sales Associate
417,Kerry,Senior Developer
418,Rebekah,Clinical Specialist
419,Marleen,Teacher
420,Genia,Physical Therapy Assistant
421,Shelly,Financial Advisor
422,Chiarra,VP Product Management
423,Johnnie,Research Associate
424,Penny,Senior Editor
425,Eugene,Compensation Analyst
426,Gizela,Analog Circuit Design manager
427,Vivian,Programmer Analyst IV
428,Isaac,Operator
429,Fairleigh,Environmental Tech
430,Daryl,Research Nurse
431,Linzy,Speech Pathologist
432,Blane,Human Resources Assistant I
433,Harmon,Financial Advisor
434,Rolf,Civil Engineer
435,Clary,General Manager
436,Jabez,Financial Analyst
437,Corinne,Computer Systems Analyst IV
438,Blondelle,Staff Scientist
439,Virgilio,Marketing Manager
440,Florenza,Physical Therapy Assistant
441,Bibby,Data Coordiator
442,Archie,Software Consultant
443,Kara,VP Accounting
444,Gardner,Senior Financial Analyst
445,Wynne,Safety Technician II
446,Guntar,Recruiter
447,Arlan,Nuclear Power Engineer
448,Nye,Recruiting Manager
449,Ange,Systems Administrator III
450,Wren,Sales Representative
451,Kris,Registered Nurse
452,Angil,Staff Accountant I
453,D'arcy,Staff Accountant I
454,Brigg,Cost Accountant
455,Ansley,Research Assistant III
456,Hillie,Desktop Support Technician
457,Dannel,Help Desk Operator
458,Brandice,Programmer III
459,Fairfax,Staff Accountant II
460,Vally,Quality Engineer
461,Evin,Information Systems Manager
462,Gene,VP Marketing
463,Joice,Research Nurse
464,Barnabe,Professor
465,Benjy,Sales Representative
466,Curtis,Human Resources Assistant II
467,Ephrayim,General Manager
468,Hope,Actuary
469,Shel,Nurse
470,Jacky,Analog Circuit Design manager
471,Fran,Sales Associate
472,Rolfe,Staff Scientist
473,Aprilette,Speech Pathologist
474,Albina,Editor
475,Ardis,Administrative Officer
476,Buckie,Assistant Manager
477,Cristina,Help Desk Operator
478,Duane,Sales Associate
479,Elnora,Administrative Assistant IV
480,Nate,Marketing Assistant
481,Etta,Financial Analyst
482,Darin,Office Assistant II
483,Marv,Software Consultant
484,Ezechiel,Senior Developer
485,Ulla,Financial Advisor
486,Liliane,Assistant Media Planner
487,Tanny,Web Designer III
488,Harmon,Geologist II
489,Orren,Senior Cost Accountant
490,Lisha,Research Nurse
491,Clarie,Research Associate
492,Jeddy,Recruiter
493,Freddie,Director of Sales
494,Alexia,Technical Writer
495,Emmie,Recruiting Manager
496,Danyelle,Environmental Tech
497,Evaleen,Systems Administrator II
498,Tiffanie,Project Manager
499,Stacee,Human Resources Assistant III
500,Vincenz,Programmer Analyst I
501,Boy,Database Administrator III
502,Jessa,Environmental Tech
503,Anatole,Accounting Assistant III
504,Rockie,Tax Accountant
505,Walsh,Assistant Media Planner
506,Vachel,Electrical Engineer
507,Nellie,Assistant Professor
508,Wenona,Payment Adjustment Coordinator
509,Starlin,Internal Auditor
510,Sianna,Programmer Analyst IV
511,Myra,Geological Engineer
512,Malvina,Professor
513,Marion,Human Resources Manager
514,Gay,Chief Design Engineer
515,Corinna,Director of Sales
516,Demetrius,Registered Nurse
517,Lucky,Administrative Assistant II
518,Cash,Account Executive
519,Tiphani,Analyst Programmer
520,Geno,Budget/Accounting Analyst IV
521,Ashley,Budget/Accounting Analyst II
522,Tobe,Nurse
523,Ulises,Structural Analysis Engineer
524,Franchot,Analog Circuit Design manager
525,Enriqueta,Web Developer IV
526,Cherianne,Financial Analyst
527,Lennard,Assistant Manager
528,Marcille,Human Resources Manager
529,Maurine,Assistant Manager
530,Giselbert,Programmer IV
531,Britta,Nurse
532,Jacki,Web Developer II
533,Eve,Database Administrator IV
534,Jamaal,Software Test Engineer II
535,Ilse,Electrical Engineer
536,Brandise,Operator
537,Car,Nurse Practicioner
538,Theda,Recruiter
539,Eugene,Senior Developer
540,Jerad,Geologist I
541,Mollee,Community Outreach Specialist
542,Gregory,Computer Systems Analyst IV
543,Witty,Librarian
544,Alina,Mechanical Systems Engineer
545,Leonhard,Occupational Therapist
546,Adey,Research Nurse
547,Silvie,Health Coach II
548,Chic,Project Manager
549,Lexy,Internal Auditor
550,Thorin,Recruiting Manager
551,Jerrilyn,Human Resources Manager
552,Baxy,Software Consultant
553,Allyn,Research Associate
554,Addia,Media Manager II
555,Leticia,Senior Quality Engineer
556,Orton,Dental Hygienist
557,Augustina,Compensation Analyst
558,Chelsey,Senior Editor
559,Joscelin,Geologist IV
560,Auguste,Recruiter
561,Sherlock,Account Executive
562,Theodore,Budget/Accounting Analyst III
563,Elicia,Registered Nurse
564,Dougie,Operator
565,Kennedy,Assistant Professor
566,Niel,Project Manager
567,Meryl,Community Outreach Specialist
568,Ganny,Graphic Designer
569,Arabelle,Accountant I
570,Lorelei,Budget/Accounting Analyst III
571,Hanny,Tax Accountant
572,Melosa,Mechanical Systems Engineer
573,Amberly,Chief Design Engineer
574,Daisi,Recruiting Manager
575,Saxon,Design Engineer
576,Melessa,Account Executive
577,Cynthia,Speech Pathologist
578,Woodrow,Professor
579,Daryn,Associate Professor
580,Laure,Structural Analysis Engineer
581,Carny,Executive Secretary
582,Pooh,Biostatistician III
583,Iolanthe,Software Test Engineer II
584,Donovan,Account Representative II
585,Ilse,Cost Accountant
586,Bonita,VP Marketing
587,Rolando,Marketing Assistant
588,Prudi,Structural Engineer
589,Tammy,VP Product Management
590,Errick,VP Marketing
591,Zaccaria,VP Product Management
592,Bondon,VP Quality Control
593,Cortney,Sales Associate
594,Gibby,Social Worker
595,Miles,VP Product Management
596,Sandor,Electrical Engineer
597,Jordain,Registered Nurse
598,Courtney,Programmer IV
599,Paige,Graphic Designer
600,Morie,Professor
601,Gussi,VP Quality Control
602,Marie-ann,Environmental Specialist
603,Huberto,Teacher
604,Debi,Desktop Support Technician
605,Karina,Pharmacist
606,Ame,Software Engineer II
607,Dulci,Health Coach III
608,Rowena,Software Engineer I
609,Caresse,Administrative Assistant I
610,Winnie,Business Systems Development Analyst
611,Morry,Sales Representative
612,Giana,Food Chemist
613,Ogdon,Occupational Therapist
614,Mathilda,Product Engineer
615,Cash,Executive Secretary
616,Aurie,Programmer II
617,Tove,Senior Financial Analyst
618,Arabele,Financial Advisor
619,Scotti,Quality Engineer
620,Bertram,Accountant I
621,Cary,Systems Administrator IV
622,Kelsy,Analyst Programmer
623,Tobias,Tax Accountant
624,Winni,Administrative Assistant III
625,Otes,Research Associate
626,Erin,Operator
627,Marcos,Accounting Assistant IV
628,Loretta,VP Sales
629,Starlin,Human Resources Manager
630,Odille,Data Coordiator
631,Kinny,Project Manager
632,Rosemonde,Automation Specialist IV
633,Danni,Environmental Tech
634,Kellina,Assistant Professor
635,Mitchael,Desktop Support Technician
636,Ellary,VP Quality Control
637,Orran,Marketing Manager
638,Putnam,Desktop Support Technician
639,Yank,Mechanical Systems Engineer
640,Selia,Nurse
641,Calhoun,Editor
642,Ber,Legal Assistant
643,Colver,Senior Editor
644,Konstantin,Automation Specialist I
645,Ilysa,Biostatistician II
646,Stephanus,Sales Representative
647,Olympe,Research Associate
648,Trenna,Software Test Engineer II
649,Marline,Mechanical Systems Engineer
650,Joel,Sales Representative
651,Eb,Media Manager III
652,Maribelle,Staff Scientist
653,Aeriell,Analog Circuit Design manager
654,Kelsey,Web Developer II
655,Michel,Sales Representative
656,Rolando,Senior Editor
657,Abbe,Social Worker
658,Artus,Account Representative II
659,Malory,Sales Representative
660,Nappie,Pharmacist
661,Susanna,Accountant III
662,Holt,Sales Associate
663,Bertina,Marketing Assistant
664,Leon,Recruiting Manager
665,Marie,Geologist IV
666,Kimmie,Environmental Tech
667,Riordan,Compensation Analyst
668,Kassandra,Sales Representative
669,Arabelle,Data Coordiator
670,Brady,Junior Executive
671,Thomasina,Occupational Therapist
672,Valenka,Automation Specialist IV
673,Tessie,Senior Sales Associate
674,Rachele,VP Marketing
675,Lia,Tax Accountant
676,Almeta,Actuary
677,Temp,Human Resources Manager
678,Dehlia,VP Marketing
679,Minnie,Research Associate
680,Jesselyn,GIS Technical Architect
681,Jordanna,Account Representative II
682,Hasty,Staff Scientist
683,Cad,Software Consultant
684,Wainwright,Senior Cost Accountant
685,Cleon,Software Test Engineer II
686,Nadeen,General Manager
687,Marcella,Data Coordiator
688,Julietta,Civil Engineer
689,Sig,Senior Cost Accountant
690,Kelly,Account Executive
691,Mela,Media Manager II
692,Cecilla,VP Marketing
693,Idalina,Human Resources Assistant IV
694,Hetti,Research Nurse
695,Fedora,Actuary
696,Debora,Environmental Tech
697,Valery,Marketing Assistant
698,Shari,Recruiting Manager
699,Emmalee,Nurse Practicioner
700,Jandy,Computer Systems Analyst II
701,Saundra,Tax Accountant
702,Briggs,Research Associate
703,Karlen,Geological Engineer
704,Adrea,Programmer IV
705,Florencia,VP Marketing
706,Hinda,VP Accounting
707,Rivy,Graphic Designer
708,Cristiano,Recruiter
709,Johny,Geologist IV
710,Sabrina,Safety Technician IV
711,Rafaello,Project Manager
712,Delano,Human Resources Manager
713,Quentin,Tax Accountant
714,Ediva,Marketing Manager
715,Wallace,Quality Engineer
716,Arabelle,Associate Professor
717,Ermanno,Environmental Specialist
718,Giavani,Geological Engineer
719,Bride,Senior Financial Analyst
720,Esme,Desktop Support Technician
721,Jessamyn,Editor
722,Michael,Nuclear Power Engineer
723,Rosamund,Physical Therapy Assistant
724,Jakob,Compensation Analyst
725,Theadora,Computer Systems Analyst II
726,Harland,VP Marketing
727,Penrod,Actuary
728,Mano,Product Engineer
729,Caz,Social Worker
730,Bonni,Software Engineer IV
731,Priscilla,VP Marketing
732,Reggi,Desktop Support Technician
733,Preston,Desktop Support Technician
734,Jeniffer,Food Chemist
735,Teodoor,Programmer I
736,Darill,Human Resources Assistant IV
737,Gerta,Nurse Practicioner
738,Pepita,Occupational Therapist
739,Dorette,Professor
740,Regina,Automation Specialist IV
741,Gabie,Compensation Analyst
742,Merle,Cost Accountant
743,Wenda,Geologist IV
744,Royal,Tax Accountant
745,Renaldo,Engineer II
746,Ana,Environmental Specialist
747,Baryram,Editor
748,Cornelia,Recruiter
749,Nikolia,Product Engineer
750,Chaddy,Recruiting Manager
751,Kalvin,Quality Control Specialist
752,Enoch,Junior Executive
753,Jareb,Business Systems Development Analyst
754,Rosina,Data Coordiator
755,Sylas,General Manager
756,Vivien,Database Administrator II
757,Buck,Professor
758,Jorie,Programmer Analyst I
759,Windham,Chemical Engineer
760,Wandis,Media Manager IV
761,Lesya,Administrative Officer
762,Rebekah,Design Engineer
763,Gabriell,Environmental Specialist
764,Don,Quality Engineer
765,Nicolas,Teacher
766,Guenna,Account Coordinator
767,Aluin,Physical Therapy Assistant
768,Elmira,Sales Associate
769,Alia,Assistant Manager
770,Carol-jean,Operator
771,Marcia,GIS Technical Architect
772,Bamby,Legal Assistant
773,Skelly,Environmental Tech
774,Chico,Staff Scientist
775,Wilfrid,Senior Developer
776,Harry,Environmental Specialist
777,Jackquelin,Accounting Assistant IV
778,Norby,Senior Developer
779,Willetta,Research Assistant IV
780,Tarrah,Chief Design Engineer
781,Gardner,VP Sales
782,Bunnie,Executive Secretary
783,Ephrem,Account Coordinator
784,Sterne,Account Executive
785,Mallory,Operator
786,Dorthy,Nurse
787,Gunilla,Senior Editor
788,Benedicta,Operator
789,Xenia,Budget/Accounting Analyst I
790,Greggory,Quality Engineer
791,Devora,Senior Financial Analyst
792,Kassandra,Quality Control Specialist
793,Brigitta,Geologist III
794,Zachariah,Senior Developer
795,Tomlin,Assistant Media Planner
796,Durant,Programmer Analyst I
797,Carlynn,Senior Financial Analyst
798,Dorian,Pharmacist
799,Phillie,Internal Auditor
800,Terry,Clinical Specialist
801,Rodney,Staff Scientist
802,Clemence,Cost Accountant
803,Jessamine,Business Systems Development Analyst
804,Noah,Payment Adjustment Coordinator
805,Ferguson,Information Systems Manager
806,Justen,Junior Executive
807,Gus,Assistant Professor
808,Bartolemo,Food Chemist
809,Floris,Senior Cost Accountant
810,Neel,Media Manager III
811,Matias,Statistician III
812,Lindsay,Pharmacist
813,Irv,Quality Control Specialist
814,Sarena,Systems Administrator II
815,Alfie,Accountant III
816,Hertha,Mechanical Systems Engineer
817,Gisele,Director of Sales
818,Sande,Accounting Assistant II
819,Patsy,Senior Cost Accountant
820,Leonie,VP Marketing
821,Walton,Software Engineer III
822,Ingemar,Data Coordiator
823,Denyse,Systems Administrator IV
824,Darrin,General Manager
825,Josee,Developer IV
826,Mariellen,Budget/Accounting Analyst I
827,Wolfgang,Nurse
828,Rutledge,Chief Design Engineer
829,Wheeler,Assistant Media Planner
830,Nola,Software Engineer IV
831,Virginie,Teacher
832,Lindon,Business Systems Development Analyst
833,Maxi,Accounting Assistant III
834,Andros,Research Associate
835,Orazio,VP Marketing
836,Raimund,Staff Scientist
837,Justis,Help Desk Technician
838,Will,Speech Pathologist
839,Antonius,Operator
840,Beatrice,Geologist III
841,Drona,Marketing Manager
842,Arley,Analog Circuit Design manager
843,Jacob,Director of Sales
844,Kelci,Office Assistant III
845,Olga,Legal Assistant
846,Hilliary,Design Engineer
847,Lorant,Research Nurse
848,Melicent,Tax Accountant
849,Josias,Senior Financial Analyst
850,Margarethe,Senior Financial Analyst
851,Grady,Financial Analyst
852,Samuele,Financial Advisor
853,Katleen,Biostatistician II
854,Gael,Payment Adjustment Coordinator
855,Massimo,Business Systems Development Analyst
856,Chiquita,Chemical Engineer
857,Kelci,Social Worker
858,Kincaid,Dental Hygienist
859,Jaclin,VP Marketing
860,Min,Financial Analyst
861,Kaycee,Tax Accountant
862,Ashley,Software Engineer I
863,Tallie,Design Engineer
864,Gayle,Developer I
865,Trueman,Graphic Designer
866,Jan,Senior Editor
867,Malory,Administrative Officer
868,Sarette,Graphic Designer
869,Bendick,Operator
870,Joella,Engineer IV
871,Mychal,Administrative Officer
872,Anna-diane,Office Assistant I
873,Staffard,Nurse Practicioner
874,Gaston,Automation Specialist III
875,Cleavland,Software Engineer I
876,Louis,Database Administrator IV
877,Glory,Nuclear Power Engineer
878,Jermain,VP Sales
879,Shaine,Staff Scientist
880,Pinchas,Sales Representative
881,Adelle,Health Coach II
882,Gus,Programmer Analyst I
883,Clyve,Physical Therapy Assistant
884,Jephthah,Administrative Assistant III
885,Tess,Programmer I
886,Glendon,Compensation Analyst
887,Nickola,Nuclear Power Engineer
888,Trixie,General Manager
889,Alicia,Business Systems Development Analyst
890,Connie,Technical Writer
891,Melvin,Quality Control Specialist
892,Harman,Registered Nurse
893,Sonya,Health Coach II
894,Edithe,Teacher
895,Bellanca,Senior Developer
896,Doy,Physical Therapy Assistant
897,Corinne,Recruiting Manager
898,Gates,Clinical Specialist
899,Rakel,Data Coordiator
900,Pavlov,Recruiting Manager
901,Jannel,Nuclear Power Engineer
902,Dermot,Systems Administrator II
903,Brynne,Teacher
904,Grazia,Nuclear Power Engineer
905,Franky,Software Consultant
906,Maybelle,Product Engineer
907,Anthe,Biostatistician IV
908,Arty,Quality Control Specialist
909,Shellysheldon,VP Marketing
910,Kaila,Compensation Analyst
911,Benoite,Sales Associate
912,Bebe,Food Chemist
913,Craggie,Physical Therapy Assistant
914,Sarajane,Help Desk Technician
915,Albertina,Environmental Tech
916,Elianore,VP Quality Control
917,Cathlene,Research Associate
918,Ike,Information Systems Manager
919,Alikee,Geological Engineer
920,Carlynn,Civil Engineer
921,Lorraine,Professor
922,Zaneta,VP Quality Control
923,Ced,Civil Engineer
924,Wes,Social Worker
925,Mitchael,Physical Therapy Assistant
926,Broddie,Research Associate
927,Sax,Nuclear Power Engineer
928,Krishnah,Graphic Designer
929,Starla,Research Associate
930,Jelene,Engineer I
931,Georgie,Assistant Professor
932,Corinne,Chemical Engineer
933,Gwennie,Recruiter
934,Jasmina,Account Executive
935,Angeli,Registered Nurse
936,Benni,Biostatistician II
937,Kylynn,Occupational Therapist
938,Lin,Cost Accountant
939,Engracia,Database Administrator IV
940,Gherardo,Marketing Assistant
941,Alon,Budget/Accounting Analyst I
942,Alfred,Financial Advisor
943,Jerrie,Product Engineer
944,Duncan,Research Assistant III
945,Park,Geological Engineer
946,Louise,Compensation Analyst
947,Rooney,Software Test Engineer IV
948,Gauthier,Payment Adjustment Coordinator
949,Ruthann,Actuary
950,Doug,Associate Professor
951,Brandea,Programmer I
952,Elka,VP Product Management
953,Camella,VP Accounting
954,Helli,Senior Financial Analyst
955,Betsy,Quality Control Specialist
956,Brunhilda,Sales Representative
957,Kristel,Food Chemist
958,Abdul,Nuclear Power Engineer
959,Lindsey,VP Marketing
960,Benson,Web Developer I
961,Gwenny,Administrative Officer
962,Efren,Administrative Officer
963,Enrique,Tax Accountant
964,Catlee,Help Desk Operator
965,Victoria,Accountant IV
966,Terri,Junior Executive
967,Christophorus,Engineer III
968,Geraldine,Civil Engineer
969,Mala,VP Marketing
970,Kacy,Community Outreach Specialist
971,Allyn,Social Worker
972,Raf,Technical Writer
973,Beatriz,Staff Scientist
974,Tadio,Business Systems Development Analyst
975,Ezra,Software Consultant
976,Garwood,Senior Cost Accountant
977,Roland,VP Product Management
978,Nicholas,Nurse
979,Melany,Marketing Manager
980,Jarib,Community Outreach Specialist
981,Carley,Cost Accountant
982,Tiffi,Senior Financial Analyst
983,Hobie,Human Resources Manager
984,Sheffy,Community Outreach Specialist
985,Sara,Data Coordiator
986,Leona,Product Engineer
987,Charlena,Mechanical Systems Engineer
988,Glory,Pharmacist
989,Anthony,Structural Analysis Engineer
990,Guillermo,Associate Professor
991,Shandy,Compensation Analyst
992,Christine,Quality Engineer
993,Konstanze,Senior Quality Engineer
994,Loree,Automation Specialist I
995,Goldarina,Actuary
996,Delmore,Safety Technician IV
997,Currey,Community Outreach Specialist
998,Orsola,Compensation Analyst
999,Elena,Analog Circuit Design manager
1000,Arlan,Biostatistician IV
