1,Kwinu
2,Zoomlounge
3,Bubblemix
4,Skaboo
5,Jabbercube
6,Zoombeat
7,Kazio
8,Jaloo
9,Gabvine
10,Janyx
11,Flashpoint
12,Yodoo
13,JumpXS
14,Kare
15,Yozio
16,Quimm
17,Linklinks
18,Plambee
19,Eamia
20,Jabbersphere
21,Yambee
22,Twimbo
23,Divape
24,Devshare
25,Realbuzz
26,Skidoo
27,Skimia
28,Blognation
29,Youspan
30,Voomm
31,Tagchat
32,Ntags
33,Mynte
34,Skajo
35,Divape
36,Flashset
37,Voolith
38,Gigashots
39,Edgeify
40,Realcube
41,Centimia
42,Devify
43,Camimbo
44,Quinu
45,Zoovu
46,Fliptune
47,Livepath
48,Mybuzz
49,Quimba
50,Trunyx
51,Jaxspan
52,Photojam
53,Mybuzz
54,Skinder
55,Avaveo
56,Fliptune
57,Flipbug
58,Jatri
59,Edgepulse
60,Fiveclub
61,Brainsphere
62,Skimia
63,Fivechat
64,Cogilith
65,Edgeclub
66,Babbleblab
67,Eabox
68,Skinte
69,Bluezoom
70,Browsebug
71,Devcast
72,Bubblemix
73,Buzzshare
74,Buzzdog
75,Riffwire
76,Wordpedia
77,Realcube
78,Dabfeed
79,Chatterbridge
80,Ainyx
81,Yakidoo
82,Fivechat
83,Skalith
84,Linktype
85,Plajo
86,Eire
87,Photobean
88,Mynte
89,Youopia
90,Oyonder
91,Vinte
92,Wordware
93,Oyoba
94,Feedbug
95,Vipe
96,Bubblemix
97,Quatz
98,Tekfly
99,Wikivu
100,Wikivu
101,Kwilith
102,Linkbridge
103,Skimia
104,Jabberbean
105,Trudeo
106,Jamia
107,Yodoo
108,Flipstorm
109,Wikibox
110,Buzzshare
111,Zava
112,Zooxo
113,Thoughtsphere
114,Skimia
115,Voomm
116,Aibox
117,Livefish
118,Brightbean
119,Livepath
120,BlogXS
121,Yakijo
122,Mydeo
123,Voonte
124,Janyx
125,Thoughtstorm
126,Wikizz
127,Twimm
128,Flashdog
129,Youspan
130,Meetz
131,Buzzdog
132,Livefish
133,Devbug
134,Meembee
135,Thoughtmix
136,Twitterbridge
137,Zoomzone
138,Browsetype
139,Zoombox
140,Devshare
141,Innotype
142,Skaboo
143,Agimba
144,Gabcube
145,Twitterworks
146,Youbridge
147,Twitterbeat
148,Twitterworks
149,Avamba
150,Oyonder
151,Devbug
152,Skinix
153,Tavu
154,Livepath
155,Brainbox
156,Livefish
157,Meevee
158,Ozu
159,Jabbersphere
160,Meejo
161,Npath
162,Pixonyx
163,Viva
164,Eamia
165,Blogspan
166,Mymm
167,Fadeo
168,Eabox
169,Chatterpoint
170,Meezzy
171,Pixope
172,Vinder
173,Janyx
174,Quire
175,Twimbo
176,Gigazoom
177,Buzzbean
178,Janyx
179,Jabbersphere
180,Minyx
181,Yotz
182,Voonyx
183,Gigaclub
184,Yamia
185,Izio
186,Jaxworks
187,Dynazzy
188,Mydeo
189,Lazzy
190,Wordpedia
191,Podcat
192,Rhynoodle
193,Abata
194,Centizu
195,Skilith
196,Browsezoom
197,Twinte
198,Dynabox
199,Podcat
200,Skajo
201,Vinte
202,Twitternation
203,Feedmix
204,Aimbu
205,Kare
206,Meezzy
207,Podcat
208,Oozz
209,Avavee
210,Chatterpoint
211,Fatz
212,Meedoo
213,Rhyzio
214,Kamba
215,Yakijo
216,Fliptune
217,Fanoodle
218,Realbridge
219,Yodoo
220,Centimia
221,Devcast
222,Gabspot
223,Thoughtsphere
224,Fliptune
225,Realpoint
226,Yotz
227,Skajo
228,InnoZ
229,Yamia
230,Tazzy
231,Meevee
232,Ainyx
233,Riffpedia
234,Meembee
235,Fivechat
236,Dabfeed
237,Katz
238,Thoughtmix
239,Kwilith
240,Zoombox
241,Shuffletag
242,JumpXS
243,Voonyx
244,Thoughtstorm
245,Twitterbridge
246,Tagfeed
247,Brainbox
248,Mybuzz
249,Buzzshare
250,Blogspan
251,Rhynyx
252,Oloo
253,Trudoo
254,Oyoyo
255,Innotype
256,Brainsphere
257,Oodoo
258,Brightbean
259,Agimba
260,BlogXS
261,Kimia
262,Pixonyx
263,Layo
264,DabZ
265,Dablist
266,Skinder
267,Katz
268,Fatz
269,Dabtype
270,Dabjam
271,Fliptune
272,Katz
273,Yakijo
274,Quinu
275,Dynazzy
276,Voolia
277,Jazzy
278,Mita
279,Oyope
280,Centimia
281,Flipstorm
282,Ainyx
283,Browsedrive
284,Yakitri
285,Buzzbean
286,Mydeo
287,Avavee
288,Skilith
289,Brainsphere
290,Bubbletube
291,Livepath
292,Meejo
293,Twitterworks
294,Buzzbean
295,Realpoint
296,Jabbersphere
297,Yodel
298,Oozz
299,Vimbo
300,Fiveclub
301,Mymm
302,Oyoyo
303,Linklinks
304,Babblestorm
305,Tavu
306,Innojam
307,Shuffletag
308,Innojam
309,Feedfish
310,Feedfire
311,Tagfeed
312,Aivee
313,Yacero
314,Miboo
315,Photobug
316,Rhybox
317,Ozu
318,Ntags
319,Kwimbee
320,Devbug
321,Realbuzz
322,Fiveclub
323,Twitterbridge
324,Flashpoint
325,Thoughtbeat
326,Flashset
327,Yata
328,Minyx
329,Camimbo
330,Oodoo
331,Tagopia
332,Fivespan
333,Kayveo
334,Livetube
335,Dynabox
336,Rooxo
337,Tagtune
338,Mymm
339,Quire
340,Mudo
341,Vipe
342,Roodel
343,Wikibox
344,Gabtype
345,Centidel
346,Miboo
347,DabZ
348,Twitterworks
349,Voonyx
350,Skyba
351,Flashdog
352,Cogidoo
353,Meezzy
354,Bubblebox
355,Yambee
356,Yata
357,Youopia
358,Rhynyx
359,Flashpoint
360,Npath
361,Skiba
362,Meembee
363,Midel
364,Katz
365,Gigaclub
366,Blogpad
367,Rhybox
368,Quaxo
369,Twitterlist
370,Bubbletube
371,Twitterbridge
372,Dabfeed
373,Youbridge
374,Youbridge
375,Realbuzz
376,Cogilith
377,Twimm
378,Skyndu
379,Quinu
380,Zoomcast
381,Dynazzy
382,Mita
383,Tagopia
384,Vinte
385,Youbridge
386,Yodoo
387,Plajo
388,Gabcube
389,Voomm
390,Oyonder
391,Mycat
392,Yakijo
393,Eare
394,Realcube
395,Rhyzio
396,Blogtag
397,Shufflebeat
398,Zooxo
399,Zoovu
400,Mynte
401,Youbridge
402,Skiptube
403,Dablist
404,Gabspot
405,Realcube
406,Yakijo
407,Tagcat
408,Talane
409,Eare
410,Flashspan
411,Flashset
412,Kimia
413,Dabfeed
414,Mybuzz
415,Browsedrive
416,Oyoyo
417,Mudo
418,Oyoba
419,Eare
420,Bluejam
421,Camido
422,Blogtags
423,Layo
424,Yodo
425,Jaloo
426,Dynava
427,Kanoodle
428,Blogtag
429,Realbridge
430,Eayo
431,Twimbo
432,Gigazoom
433,Yacero
434,Yakijo
435,Oyoyo
436,Bubblebox
437,Babbleopia
438,Yambee
439,Photofeed
440,Photobug
441,Aimbo
442,Yodo
443,Omba
444,Pixope
445,Blogtag
446,Npath
447,Linklinks
448,Eire
449,Agimba
450,Thoughtmix
451,Livetube
452,Cogidoo
453,Demimbu
454,Topiclounge
455,Jaxspan
456,Buzzdog
457,Gabcube
458,Bubblebox
459,Vipe
460,Eazzy
461,Janyx
462,Oba
463,Photobug
464,Jabbersphere
465,Jabberstorm
466,Twimbo
467,Shufflebeat
468,Flashspan
469,Kazu
470,Demimbu
471,Vinte
472,JumpXS
473,Thoughtsphere
474,Rhyloo
475,Mydeo
476,Realbuzz
477,Yozio
478,Fivechat
479,Babblestorm
480,Photojam
481,Zooxo
482,Fadeo
483,Linklinks
484,Roomm
485,Flipopia
486,Buzzshare
487,Edgeclub
488,Twimm
489,Skyble
490,Edgeblab
491,Thoughtsphere
492,Mymm
493,Rhyzio
494,Avamba
495,Wikizz
496,Roombo
497,Avavee
498,Wordify
499,Jabbertype
500,Jabbercube
501,Ntag
502,Youfeed
503,Skyvu
504,Wordware
505,Devcast
506,Yadel
507,Youopia
508,Bubblebox
509,Gabvine
510,Jabbercube
511,Voomm
512,Centizu
513,Dynabox
514,Pixoboo
515,Pixoboo
516,Yata
517,Tanoodle
518,Topicblab
519,Fivechat
520,Blogspan
521,Buzzbean
522,Kare
523,Feedfire
524,Layo
525,Brainsphere
526,Zooveo
527,Roodel
528,Dabshots
529,Vimbo
530,Fiveclub
531,Zava
532,Livefish
533,Chatterpoint
534,Topicware
535,Browsecat
536,Livepath
537,Gabtype
538,Ntags
539,Fatz
540,Dynabox
541,Zoomlounge
542,Fliptune
543,Jabbersphere
544,Zoozzy
545,Flashspan
546,Yakitri
547,Latz
548,Jabbersphere
549,Jaxworks
550,Yombu
551,Roomm
552,Yabox
553,Rhynoodle
554,Avamba
555,Wikizz
556,Photolist
557,Abatz
558,Blognation
559,Roodel
560,Gigaclub
561,Blogpad
562,Aimbu
563,Realbuzz
564,Dabfeed
565,Wikibox
566,Tagchat
567,Youbridge
568,Eabox
569,Dabfeed
570,LiveZ
571,Mynte
572,Skivee
573,Dabfeed
574,Tagopia
575,Fivechat
576,Tagpad
577,Gabtune
578,Dabtype
579,Flipopia
580,Rhynyx
581,Zooveo
582,Zoomlounge
583,Skipstorm
584,Twimbo
585,Lazzy
586,Kazio
587,Lazzy
588,Quatz
589,Mydo
590,Realcube
591,Voonder
592,Jabberstorm
593,Bluejam
594,Yoveo
595,Yozio
596,Feedmix
597,Skinix
598,Blognation
599,Latz
600,Tekfly
601,Realpoint
602,Skyndu
603,Roodel
604,Eazzy
605,Jaxnation
606,Eabox
607,Skinix
608,Skyble
609,Fliptune
610,Livetube
611,Skipfire
612,Riffpath
613,Vipe
614,Skaboo
615,Twimbo
616,Teklist
617,Oodoo
618,Shuffledrive
619,Zooveo
620,Vinte
621,Pixoboo
622,Jabbersphere
623,Camimbo
624,Jetpulse
625,Latz
626,Dabvine
627,Rhycero
628,Voonder
629,Rhycero
630,Tagchat
631,Dabtype
632,Skaboo
633,Flipstorm
634,Gigazoom
635,Demivee
636,Snaptags
637,Yozio
638,Mita
639,Meejo
640,Katz
641,Talane
642,Gigazoom
643,Twimbo
644,Wordware
645,Demivee
646,Skiba
647,Gigazoom
648,Bubblemix
649,Skynoodle
650,Twitternation
651,Quatz
652,Eamia
653,Midel
654,Demimbu
655,Youtags
656,Skinix
657,Zoomzone
658,Vinder
659,Yabox
660,Kazu
661,Tagopia
662,Centidel
663,Browseblab
664,Browsezoom
665,Jabberbean
666,Cogidoo
667,Thoughtbridge
668,Gabtype
669,Yodoo
670,Kwideo
671,Lazz
672,Skilith
673,Jetwire
674,Skajo
675,Rooxo
676,Meembee
677,Quatz
678,Gabvine
679,Devpoint
680,Thoughtworks
681,Centimia
682,Geba
683,Lajo
684,Ozu
685,Skyvu
686,Avamm
687,Eadel
688,Skaboo
689,Roomm
690,Topiclounge
691,Wikizz
692,JumpXS
693,Rooxo
694,Dablist
695,Yakidoo
696,Linklinks
697,Livepath
698,Skyndu
699,Rhyloo
700,Camimbo
701,Trupe
702,Bluezoom
703,Kare
704,Rhybox
705,Flipbug
706,Trudoo
707,Kazio
708,Jaloo
709,Aibox
710,Leexo
711,Reallinks
712,Quaxo
713,Devpoint
714,Yabox
715,Realcube
716,Ailane
717,Skalith
718,Riffwire
719,Skimia
720,Photobean
721,Browsezoom
722,Yodoo
723,Topicblab
724,Mita
725,Chatterbridge
726,Myworks
727,Flipbug
728,Kayveo
729,Quinu
730,Meezzy
731,Skyble
732,Buzzbean
733,Yabox
734,Flipbug
735,Voomm
736,Riffpedia
737,Realbridge
738,Linklinks
739,Leenti
740,Edgeblab
741,Digitube
742,Skajo
743,Ozu
744,Shuffledrive
745,Snaptags
746,Realcube
747,Feedfire
748,Layo
749,Tazzy
750,Livetube
751,Devcast
752,Latz
753,Rooxo
754,Skilith
755,Gigaclub
756,Edgepulse
757,Quamba
758,Gabvine
759,Realbridge
760,Ntag
761,Zoozzy
762,Eabox
763,JumpXS
764,Edgeclub
765,Quimm
766,Eayo
767,Gevee
768,Minyx
769,Divanoodle
770,Chatterbridge
771,Bubblemix
772,Meezzy
773,Babbleset
774,Thoughtblab
775,Oozz
776,Midel
777,Tagchat
778,Youspan
779,Trilith
780,Voomm
781,Skimia
782,Gigabox
783,Oodoo
784,Gabcube
785,Mynte
786,Abata
787,Devpulse
788,Wikivu
789,Buzzdog
790,Myworks
791,Voonix
792,Rhyloo
793,Yakijo
794,Dynabox
795,Avavee
796,BlogXS
797,Fivechat
798,Linkbridge
799,Nlounge
800,Photospace
801,Shufflester
802,Izio
803,Tanoodle
804,Shuffletag
805,Yozio
806,Demizz
807,Skyvu
808,Dynazzy
809,Oba
810,Avaveo
811,Eazzy
812,Dynava
813,Eadel
814,Blognation
815,Thoughtstorm
816,Gevee
817,Kimia
818,Lazzy
819,Topicware
820,Podcat
821,Rhyloo
822,Youspan
823,Topicblab
824,Kamba
825,Youopia
826,Quire
827,Browseblab
828,Wikizz
829,Abata
830,Dynabox
831,Edgeblab
832,Buzzshare
833,Edgeclub
834,Demizz
835,Lazz
836,Jaloo
837,Kazio
838,Snaptags
839,Edgeclub
840,Vitz
841,Demivee
842,Rooxo
843,Youtags
844,Thoughtbeat
845,Chatterbridge
846,Nlounge
847,Yoveo
848,Wordpedia
849,Wikizz
850,Twitterwire
851,Quimba
852,Babblestorm
853,Wordpedia
854,Shufflester
855,Eare
856,Roomm
857,Camido
858,Skyba
859,Eabox
860,Eimbee
861,Tagopia
862,Einti
863,Jabbersphere
864,Bubblebox
865,Browseblab
866,Brightbean
867,Quatz
868,Omba
869,Feedfish
870,Twiyo
871,Jabberstorm
872,Twitternation
873,Viva
874,Brainsphere
875,Eidel
876,Babbleblab
877,Tambee
878,Agimba
879,Centimia
880,Vinder
881,Agivu
882,Edgeblab
883,Thoughtsphere
884,Bubblebox
885,Layo
886,Photofeed
887,Realblab
888,Blogspan
889,Thoughtworks
890,Einti
891,Photojam
892,Ozu
893,Browsezoom
894,Rhynyx
895,Mynte
896,Bluezoom
897,Fliptune
898,Photobug
899,Quatz
900,Reallinks
901,DabZ
902,Aivee
903,Yodel
904,Wikibox
905,Jayo
906,Digitube
907,Wikivu
908,Skipfire
909,Thoughtworks
910,Janyx
911,Browsezoom
912,Shuffledrive
913,Tagtune
914,Tagpad
915,Innojam
916,Edgeify
917,Divavu
918,Quimm
919,Innojam
920,Twitterwire
921,Topicblab
922,Skiba
923,Divape
924,Ailane
925,Divavu
926,Babbleset
927,Photobug
928,Edgeclub
929,Demivee
930,Trilith
931,Babblestorm
932,Quimba
933,Wordify
934,Dablist
935,Feedspan
936,Youspan
937,Zoomdog
938,Riffpath
939,Quire
940,Jaxworks
941,Demimbu
942,Devbug
943,Plambee
944,Thoughtstorm
945,Mynte
946,Photobean
947,Ntags
948,Thoughtbeat
949,InnoZ
950,Thoughtbridge
951,Browsetype
952,Linktype
953,Yakidoo
954,Dynabox
955,Yodel
956,Voomm
957,Trunyx
958,Flashspan
959,Devify
960,Rhyloo
961,Browsezoom
962,Zoonoodle
963,Twitterbridge
964,Centizu
965,Jetpulse
966,Brightdog
967,Voolith
968,Myworks
969,Feedbug
970,Vitz
971,Browsecat
972,Yodel
973,Pixope
974,Gabvine
975,Thoughtstorm
976,Youfeed
977,Topicstorm
978,Linkbridge
979,Katz
980,Skyble
981,Mudo
982,Vipe
983,Innojam
984,Rhynoodle
985,Gigashots
986,Dabvine
987,Yodoo
988,Skinte
989,Linklinks
990,Kamba
991,Cogibox
992,Demizz
993,Mydeo
994,Topicware
995,Twitterwire
996,Linkbridge
997,Muxo
998,Brightbean
999,Zooxo
1000,Centimia
